Time(s),MC SW Overview - Actual Position(mm),MC SW Force Control - Measured Force(N),MC SW Overview - Actual Velocity(m/s),
0,-0.3117,1.3,0.000622,
0.002,-0.3227,0.8,0.003822,
0.004,-0.3459,0.2,-0.0168,
0.006,-0.3972,0.1,-0.029333,
0.008,-0.4832,0,-0.047733,
0.01,-0.6084,0,-0.066222,
0.012,-0.7622,0,-0.081422,
0.014,-0.9612,0,-0.105333,
0.016,-1.1961,-0.1,-0.122577,
0.018,-1.4702,-0.1,-0.142133,
0.02,-1.79,-0.1,-0.161688,
0.022,-2.1507,-0.1,-0.187111,
0.024,-2.553,-0.1,-0.206755,
0.026,-2.9955,-0.2,-0.225155,
0.028,-3.4807,-0.1,-0.245244,
0.03,-4.0074,-0.2,-0.265866,
0.032,-4.572,-0.2,-0.288088,
0.034,-5.1769,-0.1,-0.305511,
0.036,-5.8244,-0.1,-0.329866,
0.038,-6.5123,-0.1,-0.348266,
0.04,-7.2362,-0.2,-0.364622,
0.042,-8.0016,-0.2,-0.386311,
0.044,-8.8152,-0.2,-0.409688,
0.046,-9.6782,-0.2,-0.435644,
0.048,-10.5968,-0.3,-0.466577,
0.05,-11.5672,-0.2,-0.489333,
0.052,-12.5908,-0.2,-0.516533,
0.054,-13.6595,-0.2,-0.538755,
0.056,-14.7441,-0.1,-0.544711,
0.058,-15.847,-0.4,-0.556088,
0.06,-16.9853,-0.5,-0.573422,
0.062,-18.1694,-0.5,-0.594044,
0.064,-19.4109,-0.5,-0.6256,
0.066,-20.7195,-0.4,-0.664088,
0.068,-22.1104,-0.3,-0.706844,
0.07,-23.5814,0,-0.745422,
0.072,-25.089,0.1,-0.752,
0.074,-26.5813,0,-0.744355,
0.076,-28.0559,0,-0.7368,
0.078,-29.5384,0,-0.743822,
0.08,-31.06,-0.2,-0.764977,
0.082,-32.6183,0.3,-0.7704,
0.084,-34.2827,2.4,-0.821955,
0.086,-35.8946,2.5,-0.798577,
0.088,-37.4352,2.3,-0.760711,
0.09,-38.9171,2.3,-0.7384,
0.092,-40.3722,2.1,-0.723733,
0.094,-41.801,2.5,-0.716711,
0.096,-43.2304,2.7,-0.710666,
0.098,-44.6208,2.9,-0.692266,
0.1,-45.9685,3,-0.664088,
0.102,-47.249,3.1,-0.633688,
0.104,-48.4679,3.1,-0.604977,
0.106,-49.6458,3.2,-0.587022,
0.108,-50.7829,3.2,-0.5664,
0.11,-51.8858,3.2,-0.552266,
0.112,-52.9478,3.2,-0.522933,
0.114,-53.9714,3.2,-0.503999,
0.116,-54.9321,3.2,-0.474755,
0.118,-55.8312,3,-0.443822,
0.12,-56.6759,3.1,-0.417244,
0.122,-57.4773,2.9,-0.395022,
0.124,-58.2408,2.7,-0.376533,
0.126,-58.9677,2.8,-0.360177,
0.128,-59.6617,2.7,-0.343911,
0.13,-60.3215,2.7,-0.326044,
0.132,-60.9435,2.8,-0.305511,
0.134,-61.5312,2.8,-0.288622,
0.136,-62.0842,2.8,-0.269066,
0.138,-62.5963,2.8,-0.250666,
0.14,-63.0693,2.7,-0.232711,
0.142,-63.4917,-0.6,-0.205066,
0.144,-63.8622,0.8,-0.179111,
0.146,-64.1808,-0.1,-0.1552,
0.148,-64.453,0,-0.132355,
0.15,-64.6849,0,-0.111199,
0.152,-64.8772,-0.1,-0.0928,
0.154,-65.0249,0,-0.070577,
0.156,-65.1299,-0.4,-0.049422,
0.158,-65.1964,-0.4,-0.030399,
0.16,-65.2263,0,-0.011377,
0.162,-65.219,-0.8,0.009155,
0.164,-65.2202,-1.4,0.012977,
0.166,-65.2129,-1.2,0.002133,
0.168,-65.2025,-1.3,0.002666,
0.17,-65.1952,-1.3,0.000533,
0.172,-65.1933,-1.2,0.002755,
0.174,-65.1909,-1.4,-0.002755,
0.176,-65.1897,-1.3,0.001066,
0.178,-65.1885,-1.4,-0.002755,
0.18,-65.1872,-1.3,0.002222,
0.182,-65.1866,-1.2,0.002755,
0.184,-65.1897,-1.3,0,
0.186,-65.1848,-1.3,0.004355,
0.188,-65.1909,-1.3,-0.003288,
0.19,-65.186,-1.3,0.003288,
0.192,-65.1897,-1.2,0.000533,
0.194,-65.1909,-1.3,-0.004355,
0.196,-65.1903,-1.3,-0.0016,
0.198,-65.1897,-1.3,-0.005955,
0.2,-65.1915,-1.3,-0.0016,
0.202,-65.1897,-1.4,0,
0.204,-65.1885,-1.5,0.001066,
0.206,-65.1885,-1.4,0,
0.208,-65.1885,-1.3,0,
0.21,-65.1909,-1.3,-0.001066,
0.212,-65.1885,-1.4,0,
0.214,-65.1897,-1.4,-0.002222,
0.216,-65.1897,-1.4,0,
0.218,-65.1897,-1.4,-0.003288,
0.22,-65.1903,-1.4,-0.0016,
0.222,-65.1897,-1.4,-0.001066,
0.224,-65.1885,-1.4,0.001066,
0.226,-65.1903,-1.4,0.000533,
0.228,-65.1903,-1.4,-0.000533,
0.23,-65.1897,-1.4,0,
0.232,-65.1872,-1.4,0,
0.234,-65.1872,-1.5,0.001155,
0.236,-65.1897,-1.4,0.001066,
0.238,-65.1885,-1.4,-0.002222,
0.24,-65.1909,-1.4,-0.001066,
0.242,-65.1872,-1.5,0.002222,
0.244,-65.1909,-1.4,-0.000533,
0.246,-65.1897,-1.4,-0.001066,
0.248,-65.1897,-1.4,-0.002222,
0.25,-65.1909,-1.4,-0.000533,
0.252,-65.1903,-1.4,0,
0.254,-65.1872,-1.5,0,
0.256,-65.1897,-1.5,0,
0.258,-65.1903,-1.4,-0.0016,
0.26,-65.1897,-1.5,-0.001066,
0.262,-65.1897,-1.4,-0.001066,
0.264,-65.2092,-2.2,0.003288,
0.266,-65.2391,-2.8,-0.014666,
0.268,-65.2898,-3.1,-0.029333,
0.27,-65.3655,-3.4,-0.040711,
0.272,-65.4741,-3.9,-0.055911,
0.274,-65.6126,-4.4,-0.075377,
0.276,-65.7829,-4.9,-0.087822,
0.278,-65.9935,-5.5,-0.109599,
0.28,-66.2431,-6.2,-0.128533,
0.282,-66.5361,-6.9,-0.152444,
0.284,-66.8694,-7.7,-0.174755,
0.286,-67.2466,-8.6,-0.193155,
0.288,-67.6256,-5.8,-0.207822,
0.29,-68.0235,-7.4,-0.199111,
0.292,-68.4056,-8,-0.188266,
0.294,-68.7651,-8.8,-0.178488,
0.296,-69.1051,-9.3,-0.167644,
0.298,-69.4212,-9.7,-0.158933,
0.3,-69.7038,-10.1,-0.139911,
0.302,-69.9541,-10.5,-0.124266,
0.304,-70.1622,-14.9,-0.101422,
0.306,-70.313,-20.5,-0.067822,
0.308,-70.388,-23.8,-0.027644,
0.31,-70.3862,-23.6,0.009244,
0.312,-70.3465,-21.8,0.023377,
0.314,-70.2843,-18.4,0.033066,
0.316,-70.2318,-16.5,0.024444,
0.318,-70.1921,-15.3,0.019022,
0.32,-70.1671,-14.4,0.013511,
0.322,-70.1579,-14.1,0.001688,
0.324,-70.1494,-13.9,0.001066,
0.326,-70.1585,-13.7,-0.004888,
0.328,-70.1549,-13.9,0.001066,
0.33,-70.1561,-14.1,0.0016,
0.332,-70.1567,-14.3,-0.000533,
0.334,-70.1604,-14.5,-0.001688,
0.336,-70.1598,-14.6,0.0016,
0.338,-70.1616,-14.7,-0.0016,
0.34,-70.1616,-14.8,0,
0.342,-70.1646,-15,0,
0.344,-70.1659,-15.1,-0.003288,
0.346,-70.172,-15.1,-0.002222,
0.348,-70.1714,-15.1,-0.000622,
0.35,-70.1726,-15.1,0.000533,
0.352,-70.172,-15,0,
0.354,-70.1714,-14.8,0.001066,
0.356,-70.172,-14.7,0.0016,
0.358,-70.1726,-14.7,0,
0.36,-70.1726,-14.5,-0.000533,
0.362,-70.1738,-14.5,-0.001066,
0.364,-70.1738,-14.6,-0.0016,
0.366,-70.1714,-14.7,0.0016,
0.368,-70.1726,-14.8,-0.000533,
0.37,-70.1726,-14.9,-0.000533,
0.372,-70.172,-15.1,0.0016,
0.374,-70.1726,-15.1,-0.001066,
0.376,-70.172,-15.2,0.000533,
0.378,-70.1732,-15.3,-0.001066,
0.38,-70.1726,-15.2,0.000533,
0.382,-70.1714,-15.2,0.0016,
0.384,-70.1738,-15.1,-0.000533,
0.386,-70.172,-15,0.000533,
0.388,-70.1732,-14.9,-0.001066,
0.39,-70.1732,-14.8,-0.000533,
0.392,-70.1738,-14.7,-0.001066,
0.394,-70.1732,-14.7,-0.000533,
0.396,-70.172,-14.6,0.000533,
0.398,-70.1744,-14.6,-0.001066,
0.4,-70.1726,-14.6,0,
0.402,-70.1726,-14.7,0.000533,
0.404,-70.1726,-14.7,-0.000533,
0.406,-70.1726,-14.9,0,
0.408,-70.1714,-14.8,0.002133,
0.41,-70.1726,-14.8,0.001066,
0.412,-70.1482,-14.5,0.021155,
0.414,-70.1421,-13.3,0.012444,
0.416,-70.1061,-11.6,0.02,
0.418,-70.0481,-10.5,0.031466,
0.42,-69.9681,-10,0.044533,
0.422,-69.8613,-9.7,0.058577,
0.424,-69.7252,-9.3,0.069422,
0.426,-69.5457,-8.6,0.0928,
0.428,-69.3358,-8,0.108533,
0.43,-69.0813,-7.4,0.132355,
0.432,-68.7853,-6.6,0.151288,
0.434,-68.4392,-5.9,0.1752,
0.436,-68.0907,-5,0.161066,
0.438,-67.6811,-7.1,0.196444,
0.44,-67.2942,-6.7,0.189866,
0.442,-66.928,-6.3,0.181688,
0.444,-66.5739,-5.6,0.175822,
0.446,-66.2413,-5.2,0.166577,
0.448,-65.9386,-4.9,0.148088,
0.45,-65.6566,-4.8,0.135644,
0.452,-65.4167,-4.3,0.117777,
0.454,-65.2184,-4.2,0.096,
0.456,-65.0566,-4.1,0.073244,
0.458,-64.9541,-3.8,0.0472,
0.46,-64.8711,-3.7,0.0472,
0.462,-64.8619,-2,0.009244,
0.464,-64.865,-1.7,-0.003822,
0.466,-64.8766,-1.7,-0.006044,
0.468,-64.901,-1.6,-0.012,
0.47,-64.9358,-1.5,-0.017955,
0.472,-64.976,-1.5,-0.021155,
0.474,-65.0224,-1.4,-0.023822,
0.476,-65.0652,-1.3,-0.022311,
0.478,-65.1097,-1.3,-0.022755,
0.48,-65.1433,-1.3,-0.0168,
0.482,-65.172,-1.2,-0.012,
0.484,-65.1933,-1.3,-0.009777,
0.486,-65.2,-1.4,-0.0048,
0.488,-65.2025,-1.7,-0.001066,
0.49,-65.1982,-1.9,0.002755,
0.492,-65.1964,-1.9,0,
0.494,-65.1982,-1.9,-0.0032,
0.496,-65.1946,-1.9,0.000533,
0.498,-65.1976,-2,0,
0.5,-65.1976,-1.9,-0.002666,
0.502,-65.1946,-1.7,0.0016,
0.504,-65.1964,-1.8,0.001066,
0.506,-65.1958,-1.8,-0.000533,
0.508,-65.1982,-1.7,-0.001066,
0.51,-65.1964,-1.7,-0.001066,
0.512,-65.1921,-1.8,0.002755,
0.514,-65.1958,-1.7,0,
0.516,-65.1958,-1.7,-0.000533,
0.518,-65.197,-1.8,0.000533,
0.52,-65.1952,-1.7,0.000533,
0.522,-65.1952,-1.8,-0.000533,
0.524,-65.1976,-1.8,-0.001066,
0.526,-65.1964,-1.8,-0.002755,
0.528,-65.197,-1.8,-0.0016,
0.53,-65.197,-1.8,-0.002133,
0.532,-65.1933,-1.8,0.001688,
0.534,-65.1964,-1.8,-0.001066,
0.536,-65.1964,-1.8,0,
0.538,-65.1976,-1.8,-0.002133,
0.54,-65.1964,-1.8,-0.0016,
0.542,-65.1964,-1.8,-0.002222,
0.544,-65.1964,-1.8,-0.000533,
0.546,-65.1952,-1.8,0.002133,
0.548,-65.1946,-1.9,0,
0.55,-65.197,-1.9,0,
0.552,-65.1964,-1.8,-0.0016,
0.554,-65.1958,-1.8,0,
0.556,-65.1933,-1.9,0.001688,
0.558,-65.1952,-1.8,-0.001688,
0.56,-65.1927,-1.8,0.004355,
0.562,-65.2177,-2.4,0.002755,
0.564,-65.2501,-3.2,-0.0168,
0.566,-65.3087,-3.5,-0.031466,
0.568,-65.3954,-3.9,-0.048355,
0.57,-65.5162,-4.2,-0.063466,
0.572,-65.6657,-4.7,-0.078666,
0.574,-65.8556,-5.2,-0.098222,
0.576,-66.0783,-5.9,-0.113866,
0.578,-66.3426,-6.6,-0.135111,
0.58,-66.6533,-7.3,-0.161155,
0.582,-66.9933,-8.2,-0.178488,
0.584,-67.379,-9.1,-0.196355,
0.586,-67.7641,-7.8,-0.218044,
0.588,-68.1554,-8.2,-0.195911,
0.59,-68.5283,-8.6,-0.183911,
0.592,-68.8786,-9.2,-0.172533,
0.594,-69.2101,-9.7,-0.163377,
0.596,-69.5158,-10.2,-0.151288,
0.598,-69.7856,-10.6,-0.131288,
0.6,-70.0212,-11,-0.112266,
0.602,-70.2159,-17,-0.090044,
0.604,-70.3484,-21.8,-0.058044,
0.606,-70.4021,-23.9,-0.015199,
0.608,-70.3844,-22.8,0.016266,
0.61,-70.3386,-19.9,0.039022,
0.612,-70.2708,-17.3,0.033688,
0.614,-70.2232,-16,0.023377,
0.616,-70.1872,-14.9,0.016888,
0.618,-70.1646,-14.4,0.013066,
0.62,-70.1592,-14.1,0.000533,
0.622,-70.1543,-13.8,0.001066,
0.624,-70.1598,-13.9,-0.001155,
0.626,-70.1616,-14.2,-0.002755,
0.628,-70.161,-14.5,-0.000533,
0.63,-70.1646,-14.7,-0.001066,
0.632,-70.1665,-14.9,-0.001688,
0.634,-70.1714,-15.1,-0.002222,
0.636,-70.172,-15.3,-0.002222,
0.638,-70.1762,-15.5,-0.001066,
0.64,-70.1811,-15.6,-0.0016,
0.642,-70.1903,-15.8,-0.000533,
0.644,-70.1933,-15.9,-0.005422,
0.646,-70.1921,-15.8,0,
0.648,-70.1958,-15.7,-0.000533,
0.65,-70.1939,-15.6,-0.0016,
0.652,-70.1952,-15.4,-0.002222,
0.654,-70.1921,-15.3,-0.000533,
0.656,-70.1946,-15.3,-0.004355,
0.658,-70.1933,-15.2,0.001155,
0.66,-70.1909,-15.2,0.003822,
0.662,-70.1952,-15.2,-0.000533,
0.664,-70.1903,-15.3,0,
0.666,-70.1939,-15.3,-0.002666,
0.668,-70.1933,-15.5,-0.002666,
0.67,-70.1946,-15.7,-0.001688,
0.672,-70.1952,-15.8,0,
0.674,-70.1933,-15.8,-0.002133,
0.676,-70.1921,-15.8,-0.000533,
0.678,-70.1921,-15.8,0.001066,
0.68,-70.1915,-15.7,0.002755,
0.682,-70.1952,-15.6,-0.003288,
0.684,-70.1939,-15.5,0.001155,
0.686,-70.1939,-15.5,-0.0016,
0.688,-70.1933,-15.3,0.001155,
0.69,-70.1933,-15.4,-0.002133,
0.692,-70.1939,-15.3,0.001155,
0.694,-70.1915,-15.3,0.002755,
0.696,-70.1921,-15.3,-0.001066,
0.698,-70.1952,-15.4,-0.002222,
0.7,-70.1915,-15.5,0.000533,
0.702,-70.1915,-15.6,0.003288,
0.704,-70.1946,-15.6,-0.000622,
0.706,-70.1952,-15.6,0,
0.708,-70.1927,-15.6,-0.0016,
0.71,-70.1744,-13.8,0.019022,
0.712,-70.1549,-13.1,0.014044,
0.714,-70.1085,-11.5,0.024977,
0.716,-70.042,-10.5,0.031999,
0.718,-69.9553,-10,0.0472,
0.72,-69.8418,-9.6,0.061244,
0.722,-69.6941,-9.3,0.076977,
0.724,-69.5158,-8.6,0.092266,
0.726,-69.2931,-7.9,0.113333,
0.728,-69.0306,-7.3,0.136177,
0.73,-68.726,-6.6,0.159022,
0.732,-68.3702,-5.7,0.182844,
0.734,-68.0107,-7,0.166044,
0.736,-67.6036,-6.8,0.196444,
0.738,-67.2197,-6.2,0.189866,
0.74,-66.851,-6.2,0.184,
0.742,-66.5013,-5.7,0.174666,
0.744,-66.1681,-5.3,0.162222,
0.746,-65.8629,-5,0.151377,
0.748,-65.5949,-4.8,0.132444,
0.75,-65.3612,-4.5,0.112799,
0.752,-65.1695,-4.2,0.093333,
0.754,-65.0279,-4.1,0.068888,
0.756,-64.9345,-3.9,0.042933,
0.758,-64.8735,-3.3,0.035822,
0.76,-64.8698,-2.4,-0.000533,
0.762,-64.8766,-1.8,-0.003822,
0.764,-64.8949,-1.8,-0.011377,
0.766,-64.9211,-1.6,-0.017333,
0.768,-64.9565,-1.6,-0.017333,
0.77,-64.9999,-1.6,-0.021777,
0.772,-65.0481,-1.5,-0.023377,
0.774,-65.0902,-1.4,-0.023377,
0.776,-65.1323,-1.4,-0.020088,
0.778,-65.1701,-1.4,-0.019466,
0.78,-65.1946,-1.5,-0.016355,
0.782,-65.2086,-1.5,-0.004888,
0.784,-65.2153,-1.6,-0.003288,
0.786,-65.2141,-1.9,0,
0.788,-65.2129,-1.9,0,
0.79,-65.2086,-2.1,-0.001066,
0.792,-65.2116,-2,-0.002666,
0.794,-65.2062,-2,0.0016,
0.796,-65.2074,-2,-0.001688,
0.798,-65.2062,-1.9,0.003733,
0.8,-65.2092,-1.9,-0.0016,
0.802,-65.2086,-1.9,0.0016,
0.804,-65.2074,-1.9,-0.000533,
0.806,-65.2043,-1.8,0.001066,
0.808,-65.2086,-1.9,0.001066,
0.81,-65.2074,-1.9,0.000533,
0.812,-65.211,-1.9,-0.003733,
0.814,-65.2092,-1.9,0,
0.816,-65.2043,-1.9,0.004888,
0.818,-65.2068,-1.9,0.0016,
0.82,-65.2055,-1.9,0,
0.822,-65.2074,-1.8,0.003733,
0.824,-65.2062,-1.9,0.001066,
0.826,-65.208,-1.9,0.000533,
0.828,-65.208,-1.9,0.000533,
0.83,-65.2043,-1.9,0.002222,
0.832,-65.2043,-1.9,0.004888,
0.834,-65.2086,-1.9,-0.002755,
0.836,-65.2055,-2,0.002222,
0.838,-65.2062,-2,0.000533,
0.84,-65.2025,-2,0.002666,
0.842,-65.2086,-2,0.000533,
0.844,-65.208,-2,0.000533,
0.846,-65.2037,-2,0.002755,
0.848,-65.2074,-1.9,-0.000533,
0.85,-65.2062,-1.9,0.000533,
0.852,-65.2092,-1.9,-0.001066,
0.854,-65.2074,-1.9,-0.002755,
0.856,-65.2055,-1.9,0.001688,
0.858,-65.233,-1.9,-0.022755,
0.86,-65.2385,-3.2,-0.012444,
0.862,-65.2727,-3.6,-0.019022,
0.864,-65.3392,-3.7,-0.036355,
0.866,-65.4314,-4,-0.049955,
0.868,-65.5534,-4.5,-0.0672,
0.87,-65.7066,-5,-0.0824,
0.872,-65.902,-5.5,-0.102044,
0.874,-66.1308,-6.2,-0.122044,
0.876,-66.3969,-6.8,-0.136177,
0.878,-66.7107,-7.6,-0.160088,
0.88,-67.0604,-8.5,-0.182311,
0.882,-67.4382,-9.3,-0.187733,
0.884,-67.8313,-6.9,-0.204533,
0.886,-68.2268,-7.5,-0.195288,
0.888,-68.5967,-8.6,-0.184533,
0.89,-68.9464,-9.3,-0.172533,
0.892,-69.2748,-9.9,-0.160622,
0.894,-69.572,-10.4,-0.145422,
0.896,-69.8412,-10.8,-0.129155,
0.898,-70.0737,-11.3,-0.112266,
0.9,-70.2562,-17.8,-0.087911,
0.902,-70.3746,-22.9,-0.049866,
0.904,-70.4106,-24,-0.010844,
0.906,-70.3709,-22.3,0.027733,
0.908,-70.3264,-19.7,0.035822,
0.91,-70.2593,-17.3,0.034133,
0.912,-70.2147,-15.8,0.023288,
0.914,-70.1836,-14.7,0.014044,
0.916,-70.1646,-14.2,0.007111,
0.918,-70.1598,-14,0.0016,
0.92,-70.1579,-13.8,0.000533,
0.922,-70.1634,-14,-0.002666,
0.924,-70.1659,-14.4,-0.003288,
0.926,-70.1659,-14.5,-0.001155,
0.928,-70.1659,-14.7,-0.000533,
0.93,-70.1689,-14.9,-0.001066,
0.932,-70.1707,-15.1,0,
0.934,-70.175,-15.2,-0.003822,
0.936,-70.1744,-15.4,-0.0016,
0.938,-70.1823,-15.5,-0.002133,
0.94,-70.183,-15.6,-0.001688,
0.942,-70.1915,-15.7,-0.000533,
0.944,-70.1927,-15.7,-0.000533,
0.946,-70.1952,-15.5,-0.001688,
0.948,-70.1952,-15.5,-0.000533,
0.95,-70.1909,-15.3,0.003288,
0.952,-70.1946,-15.2,-0.001155,
0.954,-70.1921,-15.1,-0.000533,
0.956,-70.1952,-15.2,-0.003288,
0.958,-70.1939,-15.1,0.000622,
0.96,-70.1952,-15.2,-0.002755,
0.962,-70.1909,-15.3,0.000533,
0.964,-70.1952,-15.4,-0.002755,
0.966,-70.1897,-15.6,0.002133,
0.968,-70.1939,-15.6,-0.003733,
0.97,-70.1921,-15.8,0.000533,
0.972,-70.1939,-15.8,0.000622,
0.974,-70.1946,-15.8,-0.003822,
0.976,-70.1939,-15.8,0.001155,
0.978,-70.1915,-15.7,0.003288,
0.98,-70.1927,-15.6,0,
0.982,-70.1946,-15.5,-0.001155,
0.984,-70.1921,-15.4,0.002755,
0.986,-70.1921,-15.3,0.002755,
0.988,-70.1939,-15.2,0,
0.99,-70.1939,-15.2,0,
0.992,-70.1927,-15.2,0.001688,
0.994,-70.1927,-15.1,0.001688,
0.996,-70.1952,-15.2,-0.003822,
0.998,-70.1946,-15.3,0.000533,
1,-70.1921,-15.3,0,
1.002,-70.1952,-15.4,-0.003822,
1.004,-70.1921,-15.4,0.000533,
1.006,-70.1933,-15.4,-0.002133,
1.008,-70.1769,-14.1,-0.002222,
1.01,-70.1488,-12.9,0.013511,
1.012,-70.1036,-11.2,0.026044,
1.014,-70.0328,-10.7,0.036355,
1.016,-69.9419,-10,0.047733,
1.018,-69.8216,-9.5,0.062933,
1.02,-69.6678,-9.1,0.078133,
1.022,-69.4817,-8.5,0.0976,
1.024,-69.2522,-7.9,0.118222,
1.026,-68.9836,-7.2,0.1384,
1.028,-68.6705,-6.5,0.160622,
1.03,-68.3043,-5.5,0.1888,
1.032,-67.9338,-9,0.1856,
1.034,-67.5346,-7.1,0.198577,
1.036,-67.155,-6.6,0.189333,
1.038,-66.79,-6.1,0.180088,
1.04,-66.4403,-5.7,0.172533,
1.042,-66.1174,-5.4,0.1584,
1.044,-65.8147,-5,0.145955,
1.046,-65.5522,-4.7,0.130222,
1.048,-65.3288,-4.5,0.104711,
1.05,-65.1457,-4.3,0.087377,
1.052,-65.0127,-4.1,0.061777,
1.054,-64.9303,-4,0.036355,
1.056,-64.8802,-2.1,0.033155,
1.058,-64.8766,-2.3,0.002133,
1.06,-64.8882,-1.9,-0.007111,
1.062,-64.9022,-1.9,-0.004888,
1.064,-64.9327,-1.7,-0.015199,
1.066,-64.9687,-1.6,-0.015199,
1.068,-65.0108,-1.7,-0.022222,
1.07,-65.0536,-1.6,-0.022844,
1.072,-65.0993,-1.5,-0.023822,
1.074,-65.1317,-1.5,-0.017333,
1.076,-65.1646,-1.4,-0.014577,
1.078,-65.186,-1.5,-0.009244,
1.08,-65.1988,-1.6,-0.006488,
1.082,-65.2074,-1.6,-0.004355,
1.084,-65.2013,-2,0.001066,
1.086,-65.2025,-2.1,0,
1.088,-65.2025,-2.1,0,
1.09,-65.2013,-2,-0.001688,
1.092,-65.2,-2.1,0.002222,
1.094,-65.2013,-2.1,-0.002222,
1.096,-65.2007,-1.9,-0.000622,
1.098,-65.2007,-1.9,0.0016,
1.1,-65.2025,-2,-0.003822,
1.102,-65.2007,-2,0.0016,
1.104,-65.2007,-1.9,0.001066,
1.106,-65.1982,-2,0.002222,
1.108,-65.2025,-2,-0.002222,
1.11,-65.2013,-1.9,-0.001155,
1.112,-65.2013,-1.9,-0.001155,
1.114,-65.1982,-2,0.0016,
1.116,-65.1982,-2,0.003822,
1.118,-65.2025,-2,0,
1.12,-65.2019,-1.9,-0.001688,
1.122,-65.2031,-2,-0.000533,
1.124,-65.2007,-2,0.0016,
1.126,-65.2031,-2,-0.000533,
1.128,-65.2013,-2,0.001066,
1.13,-65.2007,-2,-0.001155,
1.132,-65.1958,-2,0.002666,
1.134,-65.2025,-2,-0.001066,
1.136,-65.1964,-2,0.005422,
1.138,-65.2019,-2,-0.000533,
1.14,-65.2013,-2,0,
1.142,-65.2,-2,-0.001066,
1.144,-65.2,-2,0.000622,
1.146,-65.197,-2,0.0016,
1.148,-65.2013,-1.9,-0.002222,
1.15,-65.2025,-2,-0.003288,
1.152,-65.2013,-2,-0.000533,
1.154,-65.2019,-2,0,
1.156,-65.2245,-2.2,-0.021155,
1.158,-65.2336,-3,-0.009777,
1.16,-65.2733,-3.6,-0.021688,
1.162,-65.341,-3.9,-0.034666,
1.164,-65.4436,-4.2,-0.054311,
1.166,-65.5718,-4.6,-0.067288,
1.168,-65.7408,-5.1,-0.087911,
1.17,-65.9398,-5.6,-0.104711,
1.172,-66.176,-6.3,-0.123733,
1.174,-66.4543,-7,-0.143733,
1.176,-66.7729,-7.8,-0.161155,
1.178,-67.1306,-8.6,-0.184977,
1.18,-67.4895,-9.5,-0.166044,
1.182,-67.9076,-7.5,-0.198577,
1.184,-68.2994,-8,-0.194222,
1.186,-68.6638,-8.7,-0.181777,
1.188,-69.0093,-9.4,-0.1704,
1.19,-69.3315,-10,-0.155733,
1.192,-69.6281,-10.5,-0.1448,
1.194,-69.8888,-10.9,-0.129155,
1.196,-70.1073,-11.6,-0.107466,
1.198,-70.2843,-18.7,-0.081422,
1.2,-70.3838,-23.1,-0.041777,
1.202,-70.407,-24,-0.000622,
1.204,-70.3874,-21.5,0.006488,
1.206,-70.3124,-19.4,0.035733,
1.208,-70.2501,-16.8,0.030399,
1.21,-70.208,-15.6,0.021155,
1.212,-70.1787,-14.5,0.012977,
1.214,-70.164,-14.1,0.004355,
1.216,-70.161,-14,0,
1.218,-70.164,-13.9,-0.002133,
1.22,-70.1646,-14.2,-0.000533,
1.222,-70.1677,-14.5,-0.001066,
1.224,-70.1683,-14.7,-0.003288,
1.226,-70.1689,-14.8,-0.000533,
1.228,-70.1695,-15,-0.001066,
1.23,-70.1714,-15.2,0,
1.232,-70.172,-15.3,0.002133,
1.234,-70.1799,-15.5,-0.001066,
1.236,-70.1811,-15.6,0.000533,
1.238,-70.1878,-15.7,-0.001066,
1.24,-70.1915,-15.7,0,
1.242,-70.1946,-15.7,-0.002222,
1.244,-70.1946,-15.6,-0.004888,
1.246,-70.1952,-15.4,-0.002755,
1.248,-70.1921,-15.3,0.0016,
1.25,-70.1915,-15.1,0.000533,
1.252,-70.1921,-15.1,0,
1.254,-70.1927,-15.1,-0.0016,
1.256,-70.1939,-15.1,-0.002666,
1.258,-70.1939,-15.1,-0.002133,
1.26,-70.1915,-15.2,0.001066,
1.262,-70.1921,-15.3,0,
1.264,-70.1921,-15.5,-0.0016,
1.266,-70.1909,-15.6,0.003288,
1.268,-70.1939,-15.7,0.000622,
1.27,-70.1946,-15.7,-0.000622,
1.272,-70.1933,-15.7,0.001155,
1.274,-70.1909,-15.8,0.003288,
1.276,-70.1909,-15.7,0,
1.278,-70.1903,-15.7,0.002133,
1.28,-70.1952,-15.6,-0.002755,
1.282,-70.1921,-15.5,0.000533,
1.284,-70.1915,-15.4,-0.0016,
1.286,-70.1909,-15.4,-0.001066,
1.288,-70.1921,-15.3,-0.002133,
1.29,-70.1915,-15.3,0.002755,
1.292,-70.1927,-15.3,-0.000533,
1.294,-70.1946,-15.3,-0.001688,
1.296,-70.1921,-15.4,0.000533,
1.298,-70.1952,-15.4,0,
1.3,-70.1958,-15.4,-0.004355,
1.302,-70.1921,-15.4,0.001066,
1.304,-70.1946,-15.4,-0.003822,
1.306,-70.1707,-14.5,0.001155,
1.308,-70.139,-12.6,0.020088,
1.31,-70.0902,-10.8,0.023822,
1.312,-70.0151,-10.7,0.038488,
1.314,-69.9199,-10.2,0.0488,
1.316,-69.7936,-9.5,0.0656,
1.318,-69.6349,-9,0.0808,
1.32,-69.4365,-8.3,0.101955,
1.322,-69.2021,-7.7,0.122666,
1.324,-68.9244,-7.1,0.1432,
1.326,-68.6028,-6.3,0.166488,
1.328,-68.2304,-5.3,0.190488,
1.33,-67.8539,-7.1,0.214844,
1.332,-67.4626,-6.5,0.195911,
1.334,-67.0854,-6.3,0.186133,
1.336,-66.7247,-5.9,0.180711,
1.338,-66.378,-5.5,0.173066,
1.34,-66.0588,-5.2,0.1584,
1.342,-65.7665,-5,0.1448,
1.344,-65.5071,-4.8,0.125244,
1.346,-65.294,-4.5,0.102577,
1.348,-65.1201,-4.3,0.084088,
1.35,-64.998,-4.2,0.052088,
1.352,-64.9254,-4.1,0.031999,
1.354,-64.8839,-2.5,0.0016,
1.356,-64.8845,-2.3,-0.002133,
1.358,-64.8998,-2,-0.008177,
1.36,-64.9162,-1.8,-0.009777,
1.362,-64.951,-1.8,-0.0168,
1.364,-64.9834,-1.7,-0.018488,
1.366,-65.0237,-1.6,-0.017955,
1.368,-65.0664,-1.6,-0.022222,
1.37,-65.103,-1.6,-0.019555,
1.372,-65.1396,-1.6,-0.012444,
1.374,-65.1683,-1.6,-0.013599,
1.376,-65.1872,-1.6,-0.007022,
1.378,-65.1976,-1.6,-0.003822,
1.38,-65.1964,-1.8,-0.0016,
1.382,-65.2007,-2.1,0,
1.384,-65.1921,-2.1,0.0016,
1.386,-65.1915,-2.1,0.002755,
1.388,-65.1927,-2,0.000533,
1.39,-65.1946,-2.1,-0.002755,
1.392,-65.1946,-2.1,0.002133,
1.394,-65.1952,-2,-0.002755,
1.396,-65.1952,-2,-0.001688,
1.398,-65.1964,-2,-0.000533,
1.4,-65.1952,-2,-0.001688,
1.402,-65.197,-2,-0.001066,
1.404,-65.1921,-2,0.002222,
1.406,-65.1964,-2,-0.002755,
1.408,-65.1933,-2,-0.001066,
1.41,-65.1927,-2,0.000533,
1.412,-65.1927,-2,0.003288,
1.414,-65.1915,-2,0.0016,
1.416,-65.1952,-2,-0.000533,
1.418,-65.1982,-2,-0.002666,
1.42,-65.1915,-2,0.000533,
1.422,-65.197,-2,0.000533,
1.424,-65.1915,-2,0,
1.426,-65.1933,-2,0.001688,
1.428,-65.1933,-2,0.001688,
1.43,-65.1964,-2,-0.002222,
1.432,-65.1921,-2,0.001066,
1.434,-65.1946,-2,-0.001688,
1.436,-65.1903,-2.1,0.0016,
1.438,-65.1946,-2.1,0.0032,
1.44,-65.1927,-2.1,0.003288,
1.442,-65.1933,-2,0.001688,
1.444,-65.1927,-2,-0.0016,
1.446,-65.197,-2,-0.001066,
1.448,-65.1921,-2,0,
1.45,-65.1976,-2,-0.002666,
1.452,-65.1952,-2,-0.002755,
1.454,-65.2159,-3.7,-0.020622,
1.456,-65.2318,-3.1,-0.009777,
1.458,-65.2855,-3.5,-0.030399,
1.46,-65.3593,-3.9,-0.039555,
1.462,-65.4662,-4.3,-0.059199,
1.464,-65.6023,-4.7,-0.072177,
1.466,-65.7726,-5.3,-0.090666,
1.468,-65.9807,-5.8,-0.109066,
1.47,-66.226,-6.4,-0.128533,
1.472,-66.5105,-7.1,-0.146488,
1.474,-66.8382,-8,-0.167111,
1.476,-67.2051,-8.9,-0.188888,
1.478,-67.5737,-7.6,-0.1736,
1.48,-67.9857,-8,-0.199644,
1.482,-68.3678,-8.7,-0.1888,
1.484,-68.7322,-9.2,-0.177955,
1.486,-69.0703,-9.6,-0.167111,
1.488,-69.3871,-10.1,-0.154133,
1.49,-69.6812,-10.6,-0.142133,
1.492,-69.9321,-11,-0.123733,
1.494,-70.1433,-12.5,-0.100888,
1.496,-70.3062,-19.8,-0.074844,
1.498,-70.3935,-23.5,-0.0336,
1.5,-70.4039,-24,0.002755,
1.502,-70.3722,-21.3,0.015733,
1.504,-70.3044,-18.8,0.030933,
1.506,-70.2458,-16.5,0.026577,
1.508,-70.2068,-15.3,0.017866,
1.51,-70.1811,-14.6,0.009777,
1.512,-70.1659,-14.1,0.004266,
1.514,-70.1616,-14,0,
1.516,-70.1659,-13.9,-0.003822,
1.518,-70.1659,-14.2,-0.003288,
1.52,-70.1665,-14.5,0.000533,
1.522,-70.1659,-14.7,-0.001155,
1.524,-70.1689,-14.8,-0.003822,
1.526,-70.1671,-14.9,0.001066,
1.528,-70.1707,-15.1,-0.002666,
1.53,-70.172,-15.3,-0.000533,
1.532,-70.1781,-15.3,-0.002222,
1.534,-70.1836,-15.5,-0.001688,
1.536,-70.1836,-15.5,-0.001155,
1.538,-70.1854,-15.5,-0.000533,
1.54,-70.1848,-15.3,0,
1.542,-70.1848,-15.1,0,
1.544,-70.1854,-14.9,-0.001066,
1.546,-70.1842,-14.9,0.0016,
1.548,-70.1848,-14.9,-0.000533,
1.55,-70.1842,-14.8,0,
1.552,-70.1848,-14.7,-0.000533,
1.554,-70.1854,-14.8,-0.000533,
1.556,-70.1842,-14.8,0.000533,
1.558,-70.1848,-14.9,0.000533,
1.56,-70.1848,-15,-0.000533,
1.562,-70.1799,-15.2,0.004355,
1.564,-70.1854,-15.4,-0.001066,
1.566,-70.1848,-15.4,0,
1.568,-70.186,-15.5,-0.000533,
1.57,-70.1854,-15.5,0,
1.572,-70.186,-15.5,-0.001066,
1.574,-70.1848,-15.5,0,
1.576,-70.1848,-15.4,0.000533,
1.578,-70.1854,-15.3,-0.000533,
1.58,-70.1848,-15.1,0.000533,
1.582,-70.1848,-15.1,0.002666,
1.584,-70.1848,-15,0,
1.586,-70.1842,-14.9,0.000533,
1.588,-70.186,-14.9,-0.000533,
1.59,-70.1854,-15,0,
1.592,-70.1848,-15,0.001066,
1.594,-70.186,-15.1,-0.001066,
1.596,-70.1866,-15.1,0,
1.598,-70.1854,-15.1,0,
1.6,-70.1866,-15.1,-0.001066,
1.602,-70.1775,-15.1,0.006488,
1.604,-70.161,-13.4,0.002666,
1.606,-70.1256,-12,0.021688,
1.608,-70.0761,-10.6,0.027733,
1.61,-69.9999,-10.4,0.040088,
1.612,-69.8979,-10.1,0.055377,
1.614,-69.7673,-9.4,0.068355,
1.616,-69.6007,-9,0.087288,
1.618,-69.3999,-8.2,0.106844,
1.62,-69.16,-7.7,0.124266,
1.622,-68.8774,-6.9,0.145422,
1.624,-68.5448,-6.2,0.170844,
1.626,-68.1529,-5.2,0.204533,
1.628,-67.7898,-7.7,0.206133,
1.63,-67.3985,-7.1,0.190488,
1.632,-67.0226,-6.4,0.183377,
1.634,-66.6649,-6,0.178488,
1.636,-66.3243,-5.5,0.166577,
1.638,-66.0069,-5.2,0.155733,
1.64,-65.7164,-5,0.140533,
1.642,-65.4674,-4.7,0.122577,
1.644,-65.2568,-4.5,0.102577,
1.646,-65.0896,-4.3,0.0792,
1.648,-64.9779,-4.2,0.051555,
1.65,-64.9193,-4.1,0.021688,
1.652,-64.8735,-2.8,0.002755,
1.654,-64.8778,-2.2,-0.004355,
1.656,-64.8906,-2,-0.006488,
1.658,-64.9138,-1.8,-0.010844,
1.66,-64.9455,-1.9,-0.017333,
1.662,-64.984,-1.7,-0.020622,
1.664,-65.0291,-1.7,-0.021155,
1.666,-65.0688,-1.6,-0.020622,
1.668,-65.1158,-1.6,-0.023288,
1.67,-65.1476,-1.7,-0.015199,
1.672,-65.1744,-1.6,-0.011377,
1.674,-65.1964,-1.6,-0.009244,
1.676,-65.2074,-1.6,-0.003822,
1.678,-65.2043,-1.9,0.001066,
1.68,-65.2055,-2.1,0,
1.682,-65.2031,-2.1,0.000533,
1.684,-65.2043,-2.1,0,
1.686,-65.2031,-2.1,-0.000533,
1.688,-65.2055,-2.2,-0.002133,
1.69,-65.2043,-2.1,0,
1.692,-65.2025,-2,0.001066,
1.694,-65.2055,-2.1,0.001688,
1.696,-65.2031,-2.1,0,
1.698,-65.2031,-2.1,0.000533,
1.7,-65.2043,-2.1,-0.0016,
1.702,-65.2049,-2,-0.000533,
1.704,-65.2031,-2.1,0,
1.706,-65.2031,-2,0,
1.708,-65.2031,-2.1,0,
1.71,-65.2031,-2,0,
1.712,-65.2037,-2,0.001066,
1.714,-65.2031,-2.1,0,
1.716,-65.2031,-2,0,
1.718,-65.2043,-2.1,-0.001066,
1.72,-65.2031,-2,0,
1.722,-65.2025,-2,0.0016,
1.724,-65.2031,-2,0,
1.726,-65.2037,-2,0.000533,
1.728,-65.2043,-2.1,-0.001066,
1.73,-65.2049,-2.1,0.000533,
1.732,-65.2031,-2.1,0.001066,
1.734,-65.2062,-2.1,-0.002755,
1.736,-65.2031,-2.1,0,
1.738,-65.2025,-2.1,0.001066,
1.74,-65.2037,-2.1,0.000533,
1.742,-65.2055,-2.1,-0.002133,
1.744,-65.2049,-2,-0.0016,
1.746,-65.2037,-2.1,-0.000533,
1.748,-65.2037,-2.1,-0.000533,
1.75,-65.2055,-2.1,-0.002133,
1.752,-65.2232,-3.4,-0.002666,
1.754,-65.2507,-3.3,-0.014133,
1.756,-65.2989,-3.7,-0.026577,
1.758,-65.3819,-4,-0.047733,
1.76,-65.4912,-4.5,-0.058577,
1.762,-65.631,-4.9,-0.072711,
1.764,-65.8104,-5.4,-0.092266,
1.766,-66.024,-6,-0.107911,
1.768,-66.2755,-6.6,-0.130222,
1.77,-66.5691,-7.4,-0.149777,
1.772,-66.8999,-8.2,-0.169866,
1.774,-67.2746,-9,-0.189333,
1.776,-67.6555,-5.8,-0.193155,
1.778,-68.0565,-7.7,-0.199111,
1.78,-68.438,-8.5,-0.1888,
1.782,-68.7932,-9.3,-0.177955,
1.784,-69.1277,-9.8,-0.165511,
1.786,-69.4444,-10.3,-0.151911,
1.788,-69.724,-10.8,-0.137866,
1.79,-69.973,-11.2,-0.119911,
1.792,-70.1793,-14.4,-0.098755,
1.794,-70.3288,-20.5,-0.072088,
1.796,-70.399,-24,-0.025511,
1.798,-70.3996,-23.8,0.004888,
1.8,-70.3618,-22,0.009777,
1.802,-70.2959,-18.6,0.031466,
1.804,-70.2379,-16.6,0.027644,
1.806,-70.2013,-15.2,0.0184,
1.808,-70.1787,-14.5,0.010311,
1.81,-70.164,-14.2,0.005422,
1.812,-70.1653,-14,0.000533,
1.814,-70.1707,-14.1,-0.004266,
1.816,-70.1689,-14.3,-0.000533,
1.818,-70.1714,-14.7,-0.001155,
1.82,-70.1707,-14.8,0.000622,
1.822,-70.1701,-14.9,0.000533,
1.824,-70.1714,-15.1,-0.001688,
1.826,-70.1732,-15.3,-0.001066,
1.828,-70.1793,-15.4,-0.003288,
1.83,-70.183,-15.6,-0.000622,
1.832,-70.1872,-15.6,-0.004355,
1.834,-70.1903,-15.8,-0.002755,
1.836,-70.1927,-15.8,-0.000533,
1.838,-70.1921,-15.6,0.000533,
1.84,-70.1933,-15.5,-0.000533,
1.842,-70.1927,-15.4,0.000533,
1.844,-70.1927,-15.2,0,
1.846,-70.1921,-15.1,0.002222,
1.848,-70.1921,-15.1,0.000533,
1.85,-70.1927,-15.1,0,
1.852,-70.1933,-15.1,-0.001066,
1.854,-70.1927,-15.2,0,
1.856,-70.1927,-15.4,0.002222,
1.858,-70.1927,-15.4,0.000533,
1.86,-70.1946,-15.6,-0.001688,
1.862,-70.1927,-15.7,0.001688,
1.864,-70.1939,-15.8,-0.001066,
1.866,-70.1927,-15.8,0.000533,
1.868,-70.1939,-15.9,0,
1.87,-70.1933,-15.8,0.001688,
1.872,-70.1952,-15.8,-0.001688,
1.874,-70.1952,-15.7,-0.001155,
1.876,-70.1976,-15.6,-0.002666,
1.878,-70.1927,-15.5,0,
1.88,-70.1946,-15.5,-0.001688,
1.882,-70.1952,-15.4,0.0016,
1.884,-70.197,-15.3,-0.003288,
1.886,-70.197,-15.3,-0.003288,
1.888,-70.1927,-15.3,0,
1.89,-70.1933,-15.4,0.000533,
1.892,-70.1939,-15.4,0.001688,
1.894,-70.1939,-15.5,-0.001066,
1.896,-70.1927,-15.4,0.003288,
1.898,-70.1939,-15.5,0.002755,
1.9,-70.1683,-15.2,0.024977,
1.902,-70.1616,-13.8,0.012977,
1.904,-70.1225,-12,0.023911,
1.906,-70.0615,-10.6,0.0336,
1.908,-69.9815,-10.3,0.043466,
1.91,-69.8741,-10,0.058577,
1.912,-69.738,-9.5,0.071644,
1.914,-69.5641,-8.9,0.089511,
1.916,-69.3541,-8.2,0.109599,
1.918,-69.1051,-7.6,0.128533,
1.92,-68.8158,-6.8,0.147022,
1.922,-68.4691,-6.1,0.178488,
1.924,-68.12,-5,0.163822,
1.926,-67.7147,-7.9,0.197511,
1.928,-67.3259,-7.3,0.189333,
1.93,-66.9536,-6.6,0.183911,
1.932,-66.6002,-5.9,0.174666,
1.934,-66.2639,-5.5,0.166044,
1.936,-65.9551,-5.2,0.152977,
1.938,-65.6706,-4.9,0.137866,
1.94,-65.4289,-4.6,0.116088,
1.942,-65.2281,-4.5,0.0944,
1.944,-65.0658,-4.3,0.078133,
1.946,-64.9596,-4.2,0.049866,
1.948,-64.8863,-4.1,0.039111,
1.95,-64.8668,-2.4,0.003822,
1.952,-64.8711,-1.9,-0.004888,
1.954,-64.8869,-2.1,-0.007022,
1.956,-64.9162,-1.8,-0.009155,
1.958,-64.951,-1.9,-0.020088,
1.96,-64.9968,-1.8,-0.024977,
1.962,-65.0377,-1.7,-0.021688,
1.964,-65.0853,-1.7,-0.024444,
1.966,-65.1262,-1.7,-0.022755,
1.968,-65.1628,-1.7,-0.017333,
1.97,-65.1909,-1.6,-0.0168,
1.972,-65.208,-1.7,-0.009777,
1.974,-65.2153,-1.7,-0.004888,
1.976,-65.2141,-2,0.001066,
1.978,-65.2141,-2.2,0.002133,
1.98,-65.2129,-2.2,-0.000533,
1.982,-65.2116,-2.2,0,
1.984,-65.2123,-2.2,0,
1.986,-65.2116,-2.2,-0.000533,
1.988,-65.211,-2.1,0.001688,
1.99,-65.2135,-2.1,-0.000533,
1.992,-65.2116,-2.1,0,
1.994,-65.2116,-2.1,0,
1.996,-65.211,-2.1,0.001155,
1.998,-65.2129,-2.2,-0.000533,
2,-65.2129,-2.1,-0.001155,
2.002,-65.2135,-2.1,-0.002755,
2.004,-65.211,-2.1,0,
2.006,-65.2116,-2.1,-0.001066,
2.008,-65.2135,-2.1,-0.001688,
2.01,-65.211,-2.1,0.001155,
2.012,-65.2086,-2.1,0.003822,
2.014,-65.211,-2.1,0,
2.016,-65.2123,-2,-0.001688,
2.018,-65.2116,-2.1,-0.000533,
2.02,-65.2129,-2.1,0,
2.022,-65.2123,-2.1,-0.003288,
2.024,-65.2135,-2.1,-0.001688,
2.026,-65.2086,-2.1,0.002133,
2.028,-65.211,-2.1,0.001688,
2.03,-65.2123,-2.1,0.001066,
2.032,-65.2104,-2.1,0.002222,
2.034,-65.211,-2.2,0,
2.036,-65.2116,-2.1,0,
2.038,-65.2116,-2.2,0.000622,
2.04,-65.2123,-2.1,-0.001155,
2.042,-65.2116,-2.1,-0.002666,
2.044,-65.2123,-2.1,-0.000622,
2.046,-65.2116,-2.1,0.001155,
2.048,-65.208,-2.1,0.004355,
2.05,-65.2336,-2.7,0.004355,
2.052,-65.2641,-3.5,-0.015733,
2.054,-65.3227,-3.8,-0.029244,
2.056,-65.4082,-4.2,-0.046133,
2.058,-65.5235,-4.5,-0.062399,
2.06,-65.6743,-5,-0.0792,
2.062,-65.8531,-5.5,-0.093866,
2.064,-66.0765,-6.2,-0.115555,
2.066,-66.3329,-6.8,-0.131911,
2.068,-66.6332,-7.5,-0.155733,
2.07,-66.9713,-8.4,-0.172533,
2.072,-67.3521,-9.3,-0.195288,
2.074,-67.7348,-7.9,-0.221866,
2.076,-68.1279,-8.6,-0.195822,
2.078,-68.502,-8.9,-0.184977,
2.08,-68.8561,-9.6,-0.174222,
2.082,-69.1881,-10.1,-0.163288,
2.084,-69.4933,-10.6,-0.151911,
2.086,-69.7704,-10.9,-0.135111,
2.088,-70.009,-11.4,-0.114488,
2.09,-70.2055,-16.3,-0.096,
2.092,-70.3435,-21.4,-0.060799,
2.094,-70.4051,-24.1,-0.023288,
2.096,-70.3899,-23.2,0.014577,
2.098,-70.3478,-20.7,0.036888,
2.1,-70.2837,-17.8,0.031999,
2.102,-70.2324,-16.2,0.025511,
2.104,-70.1927,-15.1,0.019022,
2.106,-70.1744,-14.4,0.010311,
2.108,-70.164,-14.1,0.003822,
2.11,-70.1616,-13.9,-0.000533,
2.112,-70.1659,-14,0.0016,
2.114,-70.1665,-14.3,-0.001066,
2.116,-70.1671,-14.6,-0.000533,
2.118,-70.1683,-14.8,-0.002666,
2.12,-70.1701,-14.9,-0.003733,
2.122,-70.172,-15,-0.003288,
2.124,-70.172,-15.2,-0.000533,
2.126,-70.1726,-15.2,0.0016,
2.128,-70.1762,-15.3,-0.0016,
2.13,-70.1787,-15.4,-0.002222,
2.132,-70.183,-15.4,-0.002755,
2.134,-70.1817,-15.3,0.001155,
2.136,-70.183,-15.1,0,
2.138,-70.1823,-15,0.001688,
2.14,-70.1823,-14.8,-0.000533,
2.142,-70.1811,-14.7,0.003822,
2.144,-70.183,-14.7,0,
2.146,-70.183,-14.7,0.000533,
2.148,-70.183,-14.7,0.001066,
2.15,-70.183,-14.7,-0.000622,
2.152,-70.1811,-14.8,0.001688,
2.154,-70.1842,-14.9,-0.004355,
2.156,-70.183,-15.1,-0.000622,
2.158,-70.1823,-15.2,-0.002133,
2.16,-70.183,-15.4,-0.004355,
2.162,-70.1836,-15.4,0.001066,
2.164,-70.1823,-15.4,0.001688,
2.166,-70.1842,-15.5,0,
2.168,-70.183,-15.4,-0.003288,
2.17,-70.1842,-15.4,-0.004355,
2.172,-70.1842,-15.2,-0.001688,
2.174,-70.183,-15.1,0,
2.176,-70.1842,-15,-0.000533,
2.178,-70.1848,-14.9,0,
2.18,-70.1811,-14.9,0.002755,
2.182,-70.1842,-14.9,0,
2.184,-70.1842,-14.9,0,
2.186,-70.1848,-14.9,-0.000533,
2.188,-70.1823,-14.9,-0.000533,
2.19,-70.1793,-15,0.003822,
2.192,-70.1848,-15,0,
2.194,-70.1848,-15,-0.0016,
2.196,-70.1836,-15,0.000533,
2.198,-70.1616,-13.9,0.020088,
2.2,-70.1482,-13.2,0.009777,
2.202,-70.1097,-11.5,0.022755,
2.204,-70.0499,-10.8,0.0336,
2.206,-69.9657,-10.2,0.044977,
2.208,-69.854,-9.8,0.061244,
2.21,-69.7148,-9.3,0.071644,
2.212,-69.5366,-8.7,0.093333,
2.214,-69.3193,-8.2,0.111199,
2.216,-69.066,-7.4,0.129155,
2.218,-68.7596,-6.7,0.157333,
2.22,-68.4105,-5.9,0.180088,
2.222,-68.0516,-6.1,0.166577,
2.224,-67.6421,-6.9,0.199111,
2.226,-67.2575,-6.4,0.191022,
2.228,-66.8883,-6.4,0.183377,
2.23,-66.5355,-5.9,0.1752,
2.232,-66.2035,-5.5,0.163288,
2.234,-65.8946,-5.2,0.149244,
2.236,-65.6206,-5,0.132888,
2.238,-65.3844,-4.8,0.112266,
2.24,-65.1915,-4.5,0.090577,
2.242,-65.0511,-4.4,0.064622,
2.244,-64.9583,-4.2,0.039644,
2.246,-64.8869,-3.9,0.038577,
2.248,-64.8869,-2.6,0.003288,
2.25,-64.8955,-1.9,-0.002755,
2.252,-64.9132,-1.9,-0.008177,
2.254,-64.9376,-1.9,-0.017866,
2.256,-64.9663,-1.8,-0.016266,
2.258,-65.0029,-1.9,-0.019555,
2.26,-65.0401,-1.8,-0.019466,
2.262,-65.0847,-1.7,-0.025511,
2.264,-65.117,-1.7,-0.012977,
2.266,-65.1488,-1.6,-0.015199,
2.268,-65.1726,-1.7,-0.011377,
2.27,-65.1842,-1.7,-0.002755,
2.272,-65.1897,-1.7,0,
2.274,-65.1909,-2,0,
2.276,-65.1872,-2.2,0.003288,
2.278,-65.1909,-2.2,-0.001066,
2.28,-65.1872,-2.1,-0.001066,
2.282,-65.1872,-2.1,0.002222,
2.284,-65.1897,-2.1,0.001066,
2.286,-65.186,-2,0.001066,
2.288,-65.1909,-2.1,-0.002133,
2.29,-65.1897,-2.1,-0.001066,
2.292,-65.1909,-2.1,-0.005422,
2.294,-65.1909,-2.1,-0.001066,
2.296,-65.1885,-2,-0.002222,
2.298,-65.1897,-2.1,-0.002755,
2.3,-65.1903,-2,-0.0016,
2.302,-65.1897,-2.1,-0.003288,
2.304,-65.1872,-2,0.001155,
2.306,-65.1872,-2.1,0,
2.308,-65.1909,-2.1,-0.003288,
2.31,-65.1866,-2,0.003822,
2.312,-65.186,-2.1,0.001066,
2.314,-65.1897,-2.1,0.0016,
2.316,-65.1885,-2.1,0,
2.318,-65.1885,-2,0,
2.32,-65.186,-2.1,0.001066,
2.322,-65.1897,-2.1,-0.003288,
2.324,-65.1909,-2.1,-0.001066,
2.326,-65.1885,-2.1,0.001066,
2.328,-65.1909,-2.1,-0.002133,
2.33,-65.1909,-2.2,-0.000533,
2.332,-65.1842,-2.1,0.003822,
2.334,-65.1897,-2.2,-0.001066,
2.336,-65.1897,-2.1,-0.002222,
2.338,-65.186,-2.1,0.001066,
2.34,-65.1897,-2.1,0.001066,
2.342,-65.1885,-2.1,0,
2.344,-65.1885,-2.1,0.001066,
2.346,-65.1952,-2.1,-0.005955,
2.348,-65.2184,-3.2,-0.006577,
2.35,-65.2483,-3.7,-0.018488,
2.352,-65.3142,-4,-0.034755,
2.354,-65.407,-4.2,-0.051022,
2.356,-65.5309,-4.7,-0.066755,
2.358,-65.6853,-5.1,-0.080888,
2.36,-65.8788,-5.6,-0.099822,
2.362,-66.1046,-6.3,-0.116622,
2.364,-66.3768,-7,-0.142133,
2.366,-66.6844,-7.7,-0.158933,
2.368,-67.036,-8.6,-0.180711,
2.37,-67.4333,-9.5,-0.204533,
2.372,-67.8075,-7.3,-0.208888,
2.374,-68.2011,-8,-0.194222,
2.376,-68.5735,-9,-0.186133,
2.378,-68.9256,-9.7,-0.1752,
2.38,-69.2516,-10.2,-0.162755,
2.382,-69.5512,-10.7,-0.146488,
2.384,-69.8192,-11.2,-0.128622,
2.386,-70.0517,-11.5,-0.108444,
2.388,-70.2373,-17.6,-0.086844,
2.39,-70.363,-22.5,-0.052622,
2.392,-70.4063,-24,-0.011911,
2.394,-70.3807,-22.6,0.020088,
2.396,-70.3355,-19.8,0.037511,
2.398,-70.2708,-17.5,0.031466,
2.4,-70.2245,-15.9,0.021155,
2.402,-70.1891,-14.9,0.0168,
2.404,-70.1701,-14.4,0.010311,
2.406,-70.1653,-14.2,0.000533,
2.408,-70.1634,-13.9,-0.000533,
2.41,-70.1689,-14.2,-0.000533,
2.412,-70.1695,-14.5,0.000533,
2.414,-70.1677,-14.8,0,
2.416,-70.1707,-14.9,0.000622,
2.418,-70.1714,-15,-0.001155,
2.42,-70.1726,-15.2,-0.001066,
2.422,-70.175,-15.4,-0.000533,
2.424,-70.1793,-15.4,-0.002755,
2.426,-70.1842,-15.6,-0.003822,
2.428,-70.1885,-15.7,-0.002755,
2.43,-70.1897,-15.7,0,
2.432,-70.1915,-15.6,0.000533,
2.434,-70.1903,-15.5,0.0016,
2.436,-70.1927,-15.3,0,
2.438,-70.1921,-15.2,0,
2.44,-70.1939,-15.1,-0.002133,
2.442,-70.1927,-15.1,-0.002133,
2.444,-70.1927,-15,-0.002666,
2.446,-70.1921,-15,-0.001066,
2.448,-70.1933,-15,-0.001066,
2.45,-70.1921,-15.2,-0.000533,
2.452,-70.1939,-15.3,-0.0032,
2.454,-70.1903,-15.4,0,
2.456,-70.1952,-15.6,-0.001155,
2.458,-70.1909,-15.7,-0.000533,
2.46,-70.1909,-15.7,-0.000533,
2.462,-70.1921,-15.7,0.002222,
2.464,-70.1903,-15.8,0,
2.466,-70.1927,-15.7,0.000533,
2.468,-70.1885,-15.7,0.002666,
2.47,-70.1927,-15.6,-0.0016,
2.472,-70.1921,-15.5,-0.001066,
2.474,-70.1903,-15.3,0.002133,
2.476,-70.1897,-15.3,0.002133,
2.478,-70.1903,-15.2,0,
2.48,-70.1897,-15.2,0.002666,
2.482,-70.1946,-15.2,-0.004355,
2.484,-70.1903,-15.2,-0.000533,
2.486,-70.1927,-15.3,0.000533,
2.488,-70.1915,-15.3,0.001066,
2.49,-70.1952,-15.3,-0.002755,
2.492,-70.1921,-15.3,0,
2.494,-70.1903,-15.3,-0.000533,
2.496,-70.1726,-14,0.000533,
2.498,-70.1463,-13,0.014666,
2.5,-70.1048,-11.2,0.023911,
2.502,-70.0377,-10.9,0.034755,
2.504,-69.9486,-10.2,0.046666,
2.506,-69.8302,-9.7,0.059644,
2.508,-69.677,-9.2,0.078133,
2.51,-69.4939,-8.6,0.099288,
2.512,-69.2693,-8.1,0.116622,
2.514,-69.0056,-7.3,0.137244,
2.516,-68.6949,-6.6,0.161155,
2.518,-68.3312,-5.7,0.187644,
2.52,-67.9662,-9,0.163822,
2.522,-67.5633,-7.3,0.198577,
2.524,-67.1837,-6.6,0.189333,
2.526,-66.8218,-6.2,0.180088,
2.528,-66.4714,-5.9,0.173066,
2.53,-66.1437,-5.6,0.1616,
2.532,-65.8421,-5.2,0.146488,
2.534,-65.5736,-4.9,0.128533,
2.536,-65.3465,-4.7,0.107466,
2.538,-65.1622,-4.6,0.083555,
2.54,-65.0255,-4.4,0.062399,
2.542,-64.9382,-4.2,0.036888,
2.544,-64.8857,-2.7,0.033066,
2.546,-64.8796,-2.6,0.003288,
2.548,-64.8888,-2.1,-0.003822,
2.55,-64.9126,-2.1,-0.011377,
2.552,-64.9358,-1.9,-0.014666,
2.554,-64.9712,-1.8,-0.019022,
2.556,-65.0139,-1.9,-0.019555,
2.558,-65.0578,-1.8,-0.021688,
2.56,-65.0987,-1.7,-0.023288,
2.562,-65.1329,-1.7,-0.0184,
2.564,-65.1598,-1.7,-0.010844,
2.566,-65.1848,-1.8,-0.008711,
2.568,-65.2013,-1.7,-0.008711,
2.57,-65.2043,-1.8,0.001066,
2.572,-65.2031,-2.2,0.000533,
2.574,-65.2025,-2.3,0,
2.576,-65.2031,-2.2,0,
2.578,-65.2031,-2.2,-0.001066,
2.58,-65.2013,-2.2,0.001066,
2.582,-65.1988,-2.2,0.003822,
2.584,-65.2013,-2.1,0.0016,
2.586,-65.2031,-2.1,0,
2.588,-65.2,-2.1,0.000622,
2.59,-65.1988,-2.1,0.002222,
2.592,-65.1982,-2.1,0.003288,
2.594,-65.2007,-2.1,0.001066,
2.596,-65.2019,-2.1,0.000533,
2.598,-65.2007,-2.1,0.001066,
2.6,-65.2031,-2.1,-0.003822,
2.602,-65.2025,-2.1,0.000533,
2.604,-65.2,-2.1,0,
2.606,-65.2013,-2.1,-0.000533,
2.608,-65.2031,-2.1,-0.003288,
2.61,-65.1988,-2.1,0.001066,
2.612,-65.2007,-2.1,0.002133,
2.614,-65.2019,-2.1,0.001066,
2.616,-65.2043,-2.1,-0.003822,
2.618,-65.2007,-2.1,0.000533,
2.62,-65.2007,-2.1,-0.000622,
2.622,-65.2007,-2.1,0,
2.624,-65.2,-2.1,-0.0016,
2.626,-65.1988,-2.1,0.001066,
2.628,-65.2025,-2.2,-0.001066,
2.63,-65.2,-2.2,-0.0016,
2.632,-65.2019,-2.1,0,
2.634,-65.2007,-2.1,0,
2.636,-65.2019,-2.2,-0.001066,
2.638,-65.2013,-2.1,0.0016,
2.64,-65.1988,-2.2,0.001688,
2.642,-65.2,-2.2,0.002222,
2.644,-65.2275,-2.3,-0.024444,
2.646,-65.233,-3,-0.010844,
2.648,-65.2733,-3.7,-0.023911,
2.65,-65.3374,-4,-0.033688,
2.652,-65.4369,-4.3,-0.048355,
2.654,-65.5675,-4.8,-0.071111,
2.656,-65.7262,-5.2,-0.082488,
2.658,-65.9276,-5.7,-0.100355,
2.66,-66.1571,-6.4,-0.120444,
2.662,-66.4354,-7.2,-0.142133,
2.664,-66.7467,-7.9,-0.161155,
2.666,-67.1019,-8.7,-0.181777,
2.668,-67.462,-9.7,-0.167644,
2.67,-67.8746,-7.3,-0.201244,
2.672,-68.2707,-7.9,-0.193688,
2.674,-68.6357,-8.9,-0.182844,
2.676,-68.9824,-9.6,-0.171466,
2.678,-69.3041,-10.4,-0.157955,
2.68,-69.6037,-10.9,-0.147555,
2.682,-69.8631,-11.2,-0.126399,
2.684,-70.0914,-11.7,-0.110666,
2.686,-70.2635,-18.2,-0.081333,
2.688,-70.3783,-23.1,-0.048888,
2.69,-70.4045,-24,-0.005422,
2.692,-70.3893,-22,0.011911,
2.694,-70.3209,-19.9,0.031999,
2.696,-70.2672,-17.4,0.026044,
2.698,-70.2171,-15.9,0.018488,
2.7,-70.1817,-14.7,0.018488,
2.702,-70.1714,-14.3,0.008622,
2.704,-70.1616,-14.1,0.001066,
2.706,-70.1659,-13.9,0,
2.708,-70.1695,-14.3,-0.0032,
2.71,-70.1701,-14.6,0.000533,
2.712,-70.1714,-14.8,-0.000622,
2.714,-70.1714,-14.9,0,
2.716,-70.172,-15.1,-0.000533,
2.718,-70.1726,-15.3,-0.000533,
2.72,-70.1744,-15.4,0.000533,
2.722,-70.1823,-15.5,-0.0032,
2.724,-70.183,-15.6,-0.002755,
2.726,-70.1872,-15.8,-0.002133,
2.728,-70.1897,-15.7,-0.001688,
